Type,Accuracy_mean,Jaccard_index_mean,Dice_coefficient_mean,Accuracy_std,Jaccard_index_std,Dice_coefficient_std,Time
LinearSVC,0.9635336000000002,0.7925031424198543,0.8774881625017903,0.013784831338830388,0.025446932004156347,0.01704008865329023,3012.2263086999883
RF,0.9649099999999999,0.811833838446506,0.8906157766128233,0.012965782814778292,0.022641852497047817,0.014823844842470747,3007.091516799992
SVC,0.966604,0.8193440256908057,0.8954921676667329,0.013378216682353441,0.02942503353920968,0.01915213420734241,255312.39724109997
